person_id,first_name,last_name,date_of_birth,driver_license_number,driver_license_state,address_line_1,address_line_2,city,state,postal_code,country,lob_type
3cf3bd58-da60-fb1c-eb7a-79959588532d,Casey,Patel,2010-11-11,CA4391040,CA,100 Main Street,Apt 200,San Mateo,CA,94839,US,Commercial
57810ce8-98f0-1733-d942-b204a30354ef,Casey,Rivera,1988-05-23,NV7964467,NV,101 Main Street,,Las Vegas,NV,89037,US,Personal
bb9d2ebe-f476-092f-40fc-275e69b5220d,Taylor,Thompson,1975-11-15,AZ4547743,AZ,102 Main Street,,Tempe,AZ,85282,US,Commercial
d04883eb-7464-5968-fac1-9bd781637187,Morgan,Zhou,2013-12-12,NV2373850,NV,103 Main Street,Apt 203,Las Vegas,NV,88924,US,Personal
5fdd3a16-8a61-89a7-936c-d61319c06515,Avery,Thompson,2005-09-05,AZ6289928,AZ,104 Main Street,,Tempe,AZ,85277,US,Personal
9e1e266c-642b-5dfc-4f2d-1caeed61ef1f,Avery,Rivera,2005-04-04,AZ5770690,AZ,105 Main Street,,Phoenix,AZ,85136,US,Personal
62de90a9-2d55-e081-b4ba-fea885eb78cd,Alex,Zhou,2009-06-15,CA1879865,CA,106 Main Street,Apt 206,San Mateo,CA,94709,US,Commercial
89ede605-b975-4749-d45b-52d17b3c4b07,Morgan,Thompson,1980-03-24,CA7819682,CA,107 Main Street,,San Mateo,CA,94880,US,Personal
04bcd9ce-2f9a-dc07-eebf-1d7dba72e694,Casey,Thompson,2011-09-04,OR1699955,OR,108 Main Street,,Eugene,OR,97290,US,Personal
67afd069-f095-1fd2-8fcd-d013edc4e3ab,Alex,Rivera,2017-08-06,CA5619530,CA,109 Main Street,Apt 209,Walnut Creek,CA,94601,US,Commercial
af4ea88f-e75f-9338-99e8-b6130fee94e4,Casey,Smith,1995-11-10,AZ3250898,AZ,110 Main Street,,Phoenix,AZ,85128,US,Personal
631996d9-4431-9a55-e426-ef39af2b8395,Avery,Thompson,1990-10-15,OR7455781,OR,111 Main Street,,Eugene,OR,97223,US,Personal
e277543b-1788-e7b0-cb29-05bd52055596,Taylor,Patel,2007-03-14,AZ2005353,AZ,112 Main Street,Apt 212,Tempe,AZ,85039,US,Personal
1ed93c23-6aac-03dd-5d94-6c722dbd56bf,Casey,Smith,2002-05-03,AZ2239740,AZ,113 Main Street,,Tempe,AZ,85216,US,Personal
23549e0e-a2a9-e13e-f854-90da01ac622f,Casey,Thompson,1975-02-11,WA9063186,WA,114 Main Street,,Tacoma,WA,98482,US,Personal
dc917d96-04da-15ec-4dd7-4bb35c640d88,Casey,Patel,1983-03-06,NV2182374,NV,115 Main Street,Apt 215,Las Vegas,NV,88939,US,Commercial
fe23a0d2-276e-fa3e-56ab-511ad10b2f51,Alex,Rivera,2017-03-07,CA5299248,CA,116 Main Street,,Walnut Creek,CA,94608,US,Commercial
7b6d2d12-c7d2-805d-a831-013a1dfb0871,Jordan,Nguyen,1986-07-27,AZ8106335,AZ,117 Main Street,,Tempe,AZ,85017,US,Personal
6e0b7b18-226b-23d0-6813-d4aab701893d,Morgan,Smith,1983-05-11,OR6838545,OR,118 Main Street,Apt 218,Eugene,OR,97166,US,Personal
e6cf1f33-99e7-726f-bea4-5f87adfb54a1,Casey,Smith,1999-09-22,WA1884346,WA,119 Main Street,,Seattle,WA,98382,US,Commercial
069bf4e7-4e63-b03c-fc74-03cc1e199976,Taylor,Nguyen,1993-10-09,OR3820234,OR,120 Main Street,,Eugene,OR,97569,US,Commercial
b6f307fe-eecd-485d-26a7-407053f5ea5d,Logan,Zhou,1985-05-21,AZ1142503,AZ,121 Main Street,Apt 221,Tempe,AZ,85158,US,Personal
43ae1b41-2995-910f-0dee-ae30cd4143dd,Logan,Zhou,2009-01-10,CA5099771,CA,122 Main Street,,Walnut Creek,CA,94630,US,Personal
b76aa11d-b9ab-c927-86e6-e3ce3e09f38d,Logan,Zhou,2001-12-16,WA5446058,WA,123 Main Street,,Tacoma,WA,98007,US,Personal
14063e78-b8bf-0041-3cf3-f5d701eee721,Taylor,Nguyen,1974-05-13,CA4451059,CA,124 Main Street,Apt 224,San Mateo,CA,94909,US,Personal
47a37f1a-b6e6-2156-f30a-0c390389e388,Avery,Nguyen,2012-09-21,CA9610298,CA,125 Main Street,,Walnut Creek,CA,94716,US,Personal
d5203ee3-be32-fd09-89ed-6cecea8ff10f,Logan,Zhou,1986-04-15,OR8283389,OR,126 Main Street,,Portland,OR,97210,US,Personal
37e1e765-199e-a76c-c7c7-a36e765438f5,Taylor,Garcia,2004-09-03,AZ8662779,AZ,127 Main Street,Apt 227,Phoenix,AZ,85195,US,Personal
f245d89e-ea44-c136-0123-5840578e8b7b,Logan,Thompson,1990-02-15,AZ5070320,AZ,128 Main Street,,Phoenix,AZ,85055,US,Personal
dba4daf8-f904-2c88-f19c-1b85d7f966a7,Alex,Thompson,1992-06-25,NV6028893,NV,129 Main Street,,Las Vegas,NV,89131,US,Personal
d871650f-2e6d-be2b-5ba1-8f8b69ce4c27,Logan,Patel,1981-04-26,NV7012780,NV,130 Main Street,Apt 230,Henderson,NV,88968,US,Personal
a7aa9ca6-b543-012e-f57e-fddce7e152c6,Casey,Thompson,1974-11-06,NV1047879,NV,131 Main Street,,Las Vegas,NV,88929,US,Commercial
377938b5-6429-001a-773d-58e60202c3ca,Morgan,Nguyen,2002-04-08,NV2716954,NV,132 Main Street,,Henderson,NV,88915,US,Personal
af063a6c-5222-daa5-af8b-0c7d84d2e5b3,Morgan,Smith,1977-05-29,OR2147468,OR,133 Main Street,Apt 233,Eugene,OR,97249,US,Personal
2468f965-cc47-93b4-375f-79c32580d8ad,Jordan,Garcia,1991-12-08,AZ3905317,AZ,134 Main Street,,Phoenix,AZ,85199,US,Commercial
90fc7d59-077e-bad6-8194-7f949299ed6d,Alex,Zhou,1992-03-31,WA9987193,WA,135 Main Street,,Tacoma,WA,98569,US,Personal
592d2bd1-8893-d8af-5a30-6b3a251c05cc,Avery,Smith,2014-03-22,AZ3924448,AZ,136 Main Street,Apt 236,Tempe,AZ,85256,US,Personal
71cb2fea-b436-d9ea-31ad-e4599bca7af3,Casey,Thompson,1979-08-10,AZ3142700,AZ,137 Main Street,,Phoenix,AZ,85245,US,Personal
db81e906-6f15-f570-7e77-79e3923af488,Morgan,Smith,2005-03-22,WA9674698,WA,138 Main Street,,Seattle,WA,98560,US,Personal
be3655cf-bbf5-ab88-7df9-0c97f27f622b,Taylor,Nguyen,1998-01-22,CA2209950,CA,139 Main Street,Apt 239,Walnut Creek,CA,94945,US,Personal
a3e93cf6-678b-1c9f-3607-f3695b84e935,Casey,Zhou,2016-02-14,CA8539857,CA,140 Main Street,,San Mateo,CA,94602,US,Personal
635dc218-ca53-c04c-4c8b-3915e052b9d2,Taylor,Garcia,1976-11-27,CA1955129,CA,141 Main Street,,Walnut Creek,CA,94822,US,Personal
18dc077b-2a64-20c6-a2b6-3056c11d21f5,Alex,Smith,2000-01-14,OR2607825,OR,142 Main Street,Apt 242,Portland,OR,97038,US,Personal
d9927117-fe9c-8904-474a-1e52c13ea741,Morgan,Smith,2005-05-13,OR3963385,OR,143 Main Street,,Eugene,OR,97412,US,Personal
60500a7c-d206-e828-185a-a302801e1f32,Alex,Smith,2015-07-14,OR7377730,OR,144 Main Street,,Portland,OR,97563,US,Personal
f543b677-e493-a391-ec14-9ee25f1324e3,Taylor,Patel,2007-11-04,CA2737076,CA,145 Main Street,Apt 245,San Mateo,CA,94734,US,Personal
661b15a2-e152-57a8-20f0-0627bc09d7cb,Jordan,Patel,1993-08-13,WA4825853,WA,146 Main Street,,Seattle,WA,98218,US,Commercial
bbd5d2c3-6cbe-7641-c293-6c0eb8c15dde,Jordan,Rivera,2018-04-06,AZ3932180,AZ,147 Main Street,,Tempe,AZ,85204,US,Personal
dcdfacb4-6eb8-51ac-9fa4-90f107d9ea29,Alex,Smith,1995-04-11,NV3577302,NV,148 Main Street,Apt 248,Las Vegas,NV,88985,US,Personal
4797ad65-a6ef-d81e-fdfc-b2ef7fcff757,Jordan,Smith,1974-06-13,NV3354720,NV,149 Main Street,,Henderson,NV,89038,US,Commercial
39f1da24-395c-e96f-4f4f-301739737cb2,Taylor,Patel,2008-06-28,AZ6190624,AZ,150 Main Street,,Tempe,AZ,85207,US,Commercial
512868f8-1e84-af90-c0f2-0e212d089c99,Taylor,Smith,2001-05-20,AZ7918476,AZ,151 Main Street,Apt 251,Tempe,AZ,85285,US,Personal
35f51b7d-3236-3ef8-ea29-21ceb3a789cd,Alex,Patel,2022-02-07,NV4516363,NV,152 Main Street,,Las Vegas,NV,89058,US,Commercial
a708557a-00c1-dff6-94b4-0f62694accac,Jordan,Rivera,2022-07-17,CA6111403,CA,153 Main Street,,Walnut Creek,CA,94920,US,Personal
170e3b83-c71d-9cfe-9516-87bbc93504f6,Alex,Thompson,1972-10-25,CA6133841,CA,154 Main Street,Apt 254,San Mateo,CA,94861,US,Personal
11d27805-255c-887a-ff01-819a5f2d5909,Morgan,Garcia,2021-01-13,CA8102324,CA,155 Main Street,,Walnut Creek,CA,94845,US,Commercial
888464e0-592d-b7bf-7304-1a67ed0c679f,Jordan,Nguyen,1997-08-05,NV8001022,NV,156 Main Street,,Henderson,NV,89118,US,Personal
f9eb109b-077f-7738-ed23-e88bdfd859a8,Taylor,Nguyen,2016-10-26,OR6881787,OR,157 Main Street,Apt 257,Eugene,OR,97269,US,Commercial
16fcfdd1-5719-cd56-dca5-c6d0403d30b8,Alex,Garcia,1973-10-04,WA9717951,WA,158 Main Street,,Tacoma,WA,98096,US,Personal
eee125c6-cbb3-ae0a-26a0-6b352afc4688,Logan,Patel,1979-11-02,OR4225065,OR,159 Main Street,,Portland,OR,97237,US,Commercial
d792d28f-01c9-c70f-feab-3e77a86580a9,Taylor,Nguyen,2009-05-05,OR6048625,OR,160 Main Street,Apt 260,Portland,OR,97446,US,Personal
2ee0c3b9-b1a5-8736-0243-8ea527e200b6,Avery,Patel,2018-05-28,OR2124095,OR,161 Main Street,,Eugene,OR,97069,US,Personal
3573ba7c-a7a5-1595-79e4-c5d2043db243,Logan,Thompson,1973-04-13,OR2900948,OR,162 Main Street,,Eugene,OR,97367,US,Commercial
96dd33db-8c2b-8354-7733-f3dc142d5116,Jordan,Nguyen,2007-05-23,CA9675377,CA,163 Main Street,Apt 263,San Mateo,CA,94907,US,Personal
aa45a098-c90d-378d-a797-011bd9c7fc56,Taylor,Smith,1983-08-21,NV1955549,NV,164 Main Street,,Las Vegas,NV,89084,US,Personal
65556f27-5132-a7f3-077e-d8da88d944ec,Morgan,Nguyen,2001-08-28,NV1734288,NV,165 Main Street,,Henderson,NV,89142,US,Commercial
28b572e2-ea2a-29e5-458e-cee4db7c50dd,Avery,Nguyen,2000-07-17,WA9351579,WA,166 Main Street,Apt 266,Seattle,WA,98033,US,Personal
3500948d-6abd-f8f8-c394-dac4f81d207f,Logan,Patel,1970-10-04,NV7783796,NV,167 Main Street,,Las Vegas,NV,89174,US,Commercial
4813975a-acdd-3598-b63f-a0b46848b2a4,Jordan,Thompson,1973-08-17,CA6500349,CA,168 Main Street,,Walnut Creek,CA,94756,US,Personal
ed2b34e5-93a5-e088-b6bb-b5486055d5c8,Taylor,Zhou,1993-02-04,OR3933814,OR,169 Main Street,Apt 269,Portland,OR,97108,US,Personal
5b35fed1-223d-5bd6-6096-653da347de58,Taylor,Zhou,1981-02-13,AZ7750269,AZ,170 Main Street,,Tempe,AZ,85165,US,Personal
00251839-9c4b-55d6-9678-61882e24b690,Logan,Garcia,2003-10-06,AZ1015017,AZ,171 Main Street,,Phoenix,AZ,85072,US,Commercial
300c64c5-6fda-27c9-3638-9d71355e12d5,Jordan,Thompson,2008-02-02,AZ4806996,AZ,172 Main Street,Apt 272,Tempe,AZ,85077,US,Personal
a9a194e3-bc67-b9d0-a56f-039fcf1375ee,Morgan,Patel,1982-11-15,NV2148646,NV,173 Main Street,,Henderson,NV,89043,US,Personal
81a1d8fe-8823-2761-d903-05039c6a4778,Morgan,Rivera,2024-07-07,OR9644871,OR,174 Main Street,,Eugene,OR,97295,US,Personal
0c0f6c5d-daa4-e89f-2750-976fd1c0984b,Alex,Patel,2021-10-26,OR8606443,OR,175 Main Street,Apt 275,Eugene,OR,97513,US,Commercial
895cbe57-cd0e-0bb3-b191-bfd35fbfa7f5,Avery,Smith,2004-05-27,OR6163374,OR,176 Main Street,,Portland,OR,97283,US,Personal
e96cfc20-2310-7507-5833-f10c13df0283,Morgan,Nguyen,1988-03-10,AZ9818902,AZ,177 Main Street,,Tempe,AZ,85205,US,Personal
75a7f669-c060-0960-3ad4-4ed2f9f9da5a,Morgan,Patel,2003-03-04,WA1901612,WA,178 Main Street,Apt 278,Seattle,WA,98599,US,Commercial
9241c6a0-a013-3dad-c4a2-5db5020e2e84,Taylor,Rivera,2011-06-26,CA8356383,CA,179 Main Street,,Walnut Creek,CA,94734,US,Personal
e7d3b260-6c2e-7324-c456-292b76a55b2e,Jordan,Thompson,2011-05-24,AZ1190795,AZ,180 Main Street,,Tempe,AZ,85168,US,Personal
037fcd71-09fd-a789-70d8-8e91519ca39a,Avery,Patel,2003-10-26,WA1785074,WA,181 Main Street,Apt 281,Seattle,WA,98460,US,Personal
09d869eb-15ad-c0e6-3774-ddfd10c4efd5,Logan,Thompson,1988-01-15,NV9510355,NV,182 Main Street,,Henderson,NV,89051,US,Personal
a086771c-4aa9-5631-6ec2-1717310ed78b,Taylor,Thompson,1975-11-28,AZ2159091,AZ,183 Main Street,,Tempe,AZ,85206,US,Personal
22609589-84a7-edf0-e9d7-ce98befd407f,Casey,Thompson,2006-07-12,AZ3993570,AZ,184 Main Street,Apt 284,Tempe,AZ,85278,US,Personal
b942939d-b426-9211-57ad-77e3f3329ffc,Taylor,Patel,1981-09-23,AZ4584778,AZ,185 Main Street,,Tempe,AZ,85126,US,Personal
cad48596-843d-1f21-d357-7e645e248e83,Alex,Zhou,2022-05-18,WA6200921,WA,186 Main Street,,Seattle,WA,98024,US,Commercial
b7e4018c-4952-b255-e29f-93f865774705,Avery,Thompson,1997-02-02,AZ1149556,AZ,187 Main Street,Apt 287,Tempe,AZ,85147,US,Commercial
b5086596-bb09-52fa-2361-c56f3076c144,Alex,Zhou,1972-11-25,CA9347638,CA,188 Main Street,,Walnut Creek,CA,94873,US,Commercial
c1a36935-01bc-a6d6-b92a-1b3f51f66557,Alex,Patel,1979-12-21,WA9793286,WA,189 Main Street,,Seattle,WA,98384,US,Commercial
18fe7234-2d66-2ae8-34df-1e8e6f253888,Logan,Garcia,1999-02-12,OR1824957,OR,190 Main Street,Apt 290,Portland,OR,97397,US,Personal
ce5ad660-935a-b255-cf80-dd27b88e9a72,Casey,Thompson,2006-01-10,WA5873923,WA,191 Main Street,,Tacoma,WA,98400,US,Personal
da5a1dcc-7029-bdfd-f611-39cc54bec7d8,Avery,Thompson,2006-01-14,WA2489497,WA,192 Main Street,,Seattle,WA,98322,US,Personal
936811af-3619-df7c-65e0-bcaeeea06d56,Alex,Rivera,2003-10-16,AZ6971365,AZ,193 Main Street,Apt 293,Phoenix,AZ,85180,US,Commercial
c0c762f9-d710-c7ac-d9e9-eebcb36c05e7,Logan,Smith,1976-08-07,WA1753359,WA,194 Main Street,,Tacoma,WA,98098,US,Commercial
e5975cc2-623d-700a-08ef-4a184bb574de,Taylor,Zhou,2007-05-19,CA5956077,CA,195 Main Street,,Walnut Creek,CA,94871,US,Personal
a249476f-2053-2fee-a860-f1bd87322bd5,Avery,Rivera,1974-01-16,AZ1064088,AZ,196 Main Street,Apt 296,Tempe,AZ,85091,US,Personal
2306bb72-4ec6-3911-38c8-01b2b09f8885,Avery,Smith,1986-08-21,OR5198624,OR,197 Main Street,,Eugene,OR,97187,US,Personal
99cbab8d-ce82-580e-6854-2c225318b815,Jordan,Nguyen,1970-07-03,AZ5934716,AZ,198 Main Street,,Tempe,AZ,85248,US,Personal
a4870486-2542-d1b2-5ae1-8fb4042ed673,Alex,Smith,2011-01-12,NV7954796,NV,199 Main Street,Apt 299,Henderson,NV,89061,US,Personal
f7dc9d28-879e-e5c7-f916-6cc6ddd3114d,Alex,Patel,2006-11-13,AZ7324454,AZ,200 Main Street,,Tempe,AZ,85063,US,Commercial
a64b8951-2ff7-980b-c1da-a962d57532be,Casey,Patel,2009-08-09,AZ9897846,AZ,201 Main Street,,Tempe,AZ,85013,US,Personal
c21dd328-95b4-488b-f4b8-78c7e5c83a2a,Logan,Smith,1975-06-03,AZ4106427,AZ,202 Main Street,Apt 302,Phoenix,AZ,85277,US,Personal
b209440e-834e-02b1-9c05-00ee7ccf436a,Avery,Thompson,1982-11-19,AZ9613965,AZ,203 Main Street,,Tempe,AZ,85235,US,Commercial
78420d80-01b2-3292-77ec-789b84f9fcfe,Taylor,Nguyen,2000-12-09,NV2937354,NV,204 Main Street,,Las Vegas,NV,88936,US,Personal
f5f344ad-163f-161b-ccd5-963e5907e28a,Taylor,Garcia,1978-03-07,CA4749226,CA,205 Main Street,Apt 305,Walnut Creek,CA,94607,US,Personal
035a6adb-9bcf-cd19-502e-5ff17e91880d,Casey,Zhou,1993-06-20,OR6491013,OR,206 Main Street,,Portland,OR,97072,US,Commercial
04fc9865-6d86-b767-d6cc-4be6ba91a1fd,Alex,Zhou,2002-09-10,WA3872305,WA,207 Main Street,,Tacoma,WA,98160,US,Personal
5b08a484-615a-74b7-3487-928cece25e17,Avery,Thompson,2023-08-17,AZ4907254,AZ,208 Main Street,Apt 308,Tempe,AZ,85085,US,Personal
f655d1b4-84ca-0e4e-7f55-ddc092ee1223,Morgan,Nguyen,1989-08-08,OR6869534,OR,209 Main Street,,Portland,OR,97082,US,Personal
501122a4-1b01-92b2-3ac1-3e3cb772aada,Taylor,Thompson,1994-09-08,AZ9050116,AZ,210 Main Street,,Tempe,AZ,85037,US,Commercial
7c9e261b-f12f-cc39-8037-c18e0ee7283f,Taylor,Smith,1985-02-08,WA8063322,WA,211 Main Street,Apt 311,Tacoma,WA,98087,US,Personal
4b0fa7f5-6d64-a28d-915a-c92358148d54,Taylor,Smith,2021-11-16,OR3743392,OR,212 Main Street,,Eugene,OR,97192,US,Personal
8c9f5a22-d991-a193-b5dd-3635f40e2806,Taylor,Zhou,1972-08-24,CA2912232,CA,213 Main Street,,San Mateo,CA,94885,US,Personal
f6fcedba-c2b8-3e92-c254-44c5257193a9,Avery,Nguyen,1984-06-28,NV5805206,NV,214 Main Street,Apt 314,Henderson,NV,89134,US,Personal
24191e4d-a9a5-3581-d72b-c04761bf048c,Taylor,Patel,1975-07-15,CA8552353,CA,215 Main Street,,San Mateo,CA,94616,US,Personal
8c315534-ed35-a7fb-5aad-c090c6816146,Casey,Nguyen,2020-06-28,NV2934941,NV,216 Main Street,,Las Vegas,NV,89077,US,Personal
29bc007c-2457-c476-307c-138f1d805dd1,Jordan,Zhou,1995-10-06,OR3262104,OR,217 Main Street,Apt 317,Eugene,OR,97100,US,Personal
9f5a18c5-bdaa-97a1-1f17-12f575f0e9c2,Taylor,Nguyen,2014-09-22,WA8637287,WA,218 Main Street,,Seattle,WA,98336,US,Personal
39707c5e-2769-f4e3-ab9e-ae2001ab7943,Morgan,Nguyen,2013-06-13,NV1219666,NV,219 Main Street,,Las Vegas,NV,88911,US,Personal
9545cac9-a838-7b06-ccdf-8e3bfab87832,Logan,Patel,1973-05-02,WA2187846,WA,220 Main Street,Apt 320,Tacoma,WA,98427,US,Commercial
a5fcabb7-d812-26eb-6608-d0ae88516cb7,Avery,Garcia,1981-06-19,CA5159041,CA,221 Main Street,,Walnut Creek,CA,94701,US,Commercial
ae41b0ad-6f2a-8025-9f4a-356be6b6e3c0,Taylor,Thompson,2004-07-24,OR9594234,OR,222 Main Street,,Portland,OR,97271,US,Personal
75e27906-5ee6-bbc6-d4bc-e81e511a978f,Avery,Thompson,1970-11-04,CA8122852,CA,223 Main Street,Apt 323,Walnut Creek,CA,94907,US,Personal
ba37f9ef-370c-1e6a-08b3-8b67eb38d108,Morgan,Nguyen,2006-03-25,WA7349390,WA,224 Main Street,,Seattle,WA,98193,US,Commercial
be271719-9701-094e-8fd4-67f4f25109de,Alex,Smith,2023-07-23,OR7812052,OR,225 Main Street,,Portland,OR,97442,US,Commercial
154af4c7-1999-360f-467d-598c0beb32fa,Taylor,Patel,2024-08-03,NV2810648,NV,226 Main Street,Apt 326,Henderson,NV,89110,US,Commercial
45095bab-f7f5-eecf-01de-b8b8efe4fea1,Logan,Smith,1983-08-04,WA5693623,WA,227 Main Street,,Tacoma,WA,98070,US,Personal
e05be7c2-511d-f7a1-4096-0d0790e97c72,Jordan,Smith,2016-07-01,AZ1641111,AZ,228 Main Street,,Phoenix,AZ,85243,US,Commercial
9fae2b7c-9aa1-76f5-8b6c-726e79e7bacd,Morgan,Smith,1993-10-15,CA2500650,CA,229 Main Street,Apt 329,San Mateo,CA,94681,US,Commercial
d7d3197b-7dd8-6892-cd08-807d56d1db71,Alex,Zhou,2006-02-13,NV5721274,NV,230 Main Street,,Las Vegas,NV,89050,US,Commercial
5a4a49ba-2fae-9f67-a982-8f197225434a,Avery,Smith,1983-10-18,NV7949190,NV,231 Main Street,,Las Vegas,NV,88912,US,Commercial
a7c10978-2802-ea01-9fc3-8c55f40e05c7,Casey,Garcia,2003-06-28,NV5763076,NV,232 Main Street,Apt 332,Henderson,NV,88942,US,Personal
9710fa6e-0bca-85a3-c2e9-6b166c71f372,Jordan,Thompson,2021-08-14,CA4225798,CA,233 Main Street,,San Mateo,CA,94893,US,Personal
141cc2af-ddc9-f384-3325-c7744d83d811,Alex,Patel,1993-04-18,NV9886909,NV,234 Main Street,,Henderson,NV,88993,US,Personal
a2b35f7a-1705-aee7-2fd0-eb5074ffb4e0,Casey,Rivera,1972-08-26,WA1098709,WA,235 Main Street,Apt 335,Seattle,WA,98177,US,Personal
ef970d63-1aa6-ec0f-c639-95b45a9bb7d8,Avery,Rivera,2012-12-28,OR6439535,OR,236 Main Street,,Eugene,OR,97172,US,Personal
b80f51ac-da08-06b9-241f-eb6bac13e068,Taylor,Nguyen,2004-08-17,OR8002628,OR,237 Main Street,,Portland,OR,97403,US,Commercial
a58a424c-3c99-bff8-8196-56db640b27eb,Taylor,Zhou,1994-03-12,OR6061237,OR,238 Main Street,Apt 338,Portland,OR,97389,US,Personal
81e246ca-20a5-070f-0645-22ca0633558d,Alex,Rivera,1970-08-29,NV7106008,NV,239 Main Street,,Henderson,NV,88977,US,Personal
fca62a21-1c2d-245f-5c06-001c94260d73,Logan,Smith,1988-02-16,AZ5232506,AZ,240 Main Street,,Tempe,AZ,85141,US,Personal
528363c8-3f7b-b0d8-0a3f-a581a5772d79,Jordan,Patel,1993-08-24,WA1950283,WA,241 Main Street,Apt 341,Tacoma,WA,98377,US,Personal
5bf16b34-4cf7-8a30-2388-6cd49ba58eb8,Morgan,Nguyen,1971-04-11,AZ5717221,AZ,242 Main Street,,Tempe,AZ,85263,US,Personal
22ca3718-1cca-d313-6c96-92dd3f4cad5f,Taylor,Nguyen,1995-11-19,AZ6867404,AZ,243 Main Street,,Tempe,AZ,85021,US,Personal
b825e9a0-8fa7-5e6c-97b5-d71c2de58122,Alex,Smith,1997-11-26,CA8289927,CA,244 Main Street,Apt 344,Walnut Creek,CA,94647,US,Commercial
cabd186c-312c-af10-9717-2209625ad656,Alex,Patel,1982-09-22,AZ4885455,AZ,245 Main Street,,Phoenix,AZ,85011,US,Personal
a32e3cd4-f9e8-a876-2f62-9309f92dd764,Alex,Rivera,1976-08-07,CA7970756,CA,246 Main Street,,San Mateo,CA,94795,US,Personal
31f79210-76ae-5e74-5a7b-ec5653abf447,Jordan,Garcia,1992-05-30,AZ6673921,AZ,247 Main Street,Apt 347,Phoenix,AZ,85238,US,Personal
68f086ff-874d-f011-c8bf-e5283f5da188,Avery,Rivera,1986-07-22,OR5848332,OR,248 Main Street,,Portland,OR,97008,US,Commercial
b0812c3c-25a9-8bab-ae4b-42e170e6e7a1,Alex,Garcia,1977-06-04,AZ2729807,AZ,249 Main Street,,Phoenix,AZ,85123,US,Personal
6b874a85-0cdb-05cf-820f-252b1ac874f2,Avery,Rivera,2008-12-17,NV5402023,NV,250 Main Street,Apt 350,Las Vegas,NV,89024,US,Commercial
38629292-593d-7939-cc02-706bddce3c7f,Casey,Patel,1980-06-03,CA1526613,CA,251 Main Street,,Walnut Creek,CA,94839,US,Personal
4ae6dc33-fcf3-f3ff-56b3-d8ae0ddec6b7,Jordan,Rivera,2023-12-14,CA3333634,CA,252 Main Street,,Walnut Creek,CA,94603,US,Personal
bc40ba17-c564-6388-3846-86dbde6dbd36,Taylor,Thompson,2018-12-12,AZ9145638,AZ,253 Main Street,Apt 353,Tempe,AZ,85254,US,Commercial
b713d56e-b09e-b6b5-e3e0-ff3ba1022710,Jordan,Nguyen,1972-08-16,AZ3026539,AZ,254 Main Street,,Tempe,AZ,85152,US,Personal
ead62946-1923-4ef2-d516-4f243b80d727,Taylor,Zhou,2005-04-02,AZ6618621,AZ,255 Main Street,,Phoenix,AZ,85091,US,Personal
58811320-5e0c-d4e0-9003-33a9215caa6c,Jordan,Nguyen,2017-09-15,CA1746294,CA,256 Main Street,Apt 356,Walnut Creek,CA,94777,US,Personal
e6c69dc0-f28f-c05a-43a7-76b698459790,Jordan,Thompson,1980-08-22,NV4073365,NV,257 Main Street,,Henderson,NV,88976,US,Commercial
b8081521-3fa2-80ae-a1bb-d8755927485a,Alex,Patel,1986-10-02,OR7721050,OR,258 Main Street,,Eugene,OR,97096,US,Personal
f095e1fd-f90b-de3b-bdd0-6550b34747ed,Logan,Zhou,2013-09-25,OR6530175,OR,259 Main Street,Apt 359,Eugene,OR,97118,US,Personal
bbc0b419-fad2-ac7c-f2f9-f0d8226c0a47,Avery,Thompson,1988-10-23,AZ5806143,AZ,260 Main Street,,Phoenix,AZ,85239,US,Personal
40fe1bfe-f898-dfb5-5334-28d5252af61d,Avery,Garcia,2024-06-30,CA4326006,CA,261 Main Street,,Walnut Creek,CA,94658,US,Personal
6db8017d-8db3-70c9-3ce7-c71ce7b8a52a,Casey,Smith,2005-04-07,NV9957848,NV,262 Main Street,Apt 362,Henderson,NV,88990,US,Personal
bfc7ba57-ab28-b0a2-2405-fae5b01f42db,Logan,Thompson,2004-10-21,AZ5955291,AZ,263 Main Street,,Phoenix,AZ,85123,US,Commercial
b9ff95ef-501e-ffa4-e66e-c584e72e3353,Alex,Nguyen,1984-08-07,WA2554581,WA,264 Main Street,,Seattle,WA,98338,US,Commercial
cda1421e-4445-71d4-cad7-5cedd0b407aa,Casey,Nguyen,2017-06-02,AZ4496301,AZ,265 Main Street,Apt 365,Phoenix,AZ,85260,US,Commercial
c64eadb8-6404-1ddd-8fc6-804ede7cf22a,Taylor,Garcia,1997-03-19,NV7558630,NV,266 Main Street,,Henderson,NV,89148,US,Personal
d612049f-d6a8-0a56-3553-a370bb229116,Avery,Zhou,1995-01-05,OR9323762,OR,267 Main Street,,Eugene,OR,97244,US,Personal
d4d47074-0811-e404-63c7-40b24fefead1,Morgan,Patel,1987-04-18,NV2810160,NV,268 Main Street,Apt 368,Henderson,NV,89114,US,Personal
3e65bf65-aada-f317-6d78-01b96c5e921a,Logan,Patel,1972-08-26,WA1804364,WA,269 Main Street,,Tacoma,WA,98232,US,Commercial
7aff78d4-47a0-e9b5-196f-b2d6db553d54,Avery,Smith,2002-06-17,OR2768074,OR,270 Main Street,,Portland,OR,97113,US,Personal
3c85cd0e-35e1-f1a8-5b7f-3a9970c58924,Alex,Thompson,1999-09-25,WA9606742,WA,271 Main Street,Apt 371,Seattle,WA,98089,US,Personal
625a545a-7bca-ded4-ca57-3a13d34b0a54,Jordan,Smith,1979-01-06,WA8849643,WA,272 Main Street,,Seattle,WA,98083,US,Personal
6b761955-cd74-60e3-6193-77a3f513f298,Alex,Thompson,2012-05-14,CA4796331,CA,273 Main Street,,San Mateo,CA,94926,US,Personal
0bffea66-2b40-1922-dc87-532716c77a2d,Logan,Nguyen,2014-02-16,OR8325169,OR,274 Main Street,Apt 374,Eugene,OR,97064,US,Personal
316893c9-f185-e281-8da7-f26c040caa7c,Jordan,Garcia,1986-10-16,OR9606455,OR,275 Main Street,,Eugene,OR,97340,US,Commercial
4cc97c06-8ce2-de59-e654-df926d9432bb,Logan,Nguyen,1994-01-23,AZ3526035,AZ,276 Main Street,,Tempe,AZ,85162,US,Commercial
142e20bc-be4f-9b2e-65be-d95901476e6c,Alex,Garcia,2008-04-01,WA3520154,WA,277 Main Street,Apt 377,Seattle,WA,98398,US,Personal
4c16034d-1129-e5e7-4ae9-706594897d09,Morgan,Thompson,2007-03-25,CA5028097,CA,278 Main Street,,Walnut Creek,CA,94845,US,Personal
e7c5fc20-556b-794a-7835-fe404efe7b8e,Taylor,Smith,2009-02-12,WA8705572,WA,279 Main Street,,Tacoma,WA,98259,US,Personal
15e719ec-416d-6002-12cd-e62ce3defe49,Alex,Thompson,2023-03-24,OR9165093,OR,280 Main Street,Apt 380,Eugene,OR,97316,US,Personal
e459a2de-9d3b-3c0f-c7c7-2444413bd432,Morgan,Patel,1998-07-17,WA8352505,WA,281 Main Street,,Seattle,WA,98336,US,Commercial
8e58a569-853e-5552-2a8f-08ae079e088d,Logan,Smith,2019-07-22,NV1599008,NV,282 Main Street,,Henderson,NV,89148,US,Personal
1311453c-ab46-7217-f3a7-c3b94e716c71,Jordan,Garcia,1977-01-04,NV7816223,NV,283 Main Street,Apt 383,Henderson,NV,89188,US,Personal
ece89734-450f-fa98-823d-b9cde668a88c,Morgan,Smith,1983-06-29,WA1376012,WA,284 Main Street,,Seattle,WA,98350,US,Personal
df84c933-4bcc-6c39-747c-aba361aca006,Taylor,Rivera,2018-07-25,WA9209355,WA,285 Main Street,,Tacoma,WA,98077,US,Personal
2445220b-cc9a-fc7e-22d6-a553beb14016,Taylor,Thompson,1974-10-07,OR1701689,OR,286 Main Street,Apt 386,Eugene,OR,97173,US,Commercial
abf0cfa4-cb39-ff0e-1ad5-fef45c905ab2,Taylor,Smith,1980-02-29,CA1307020,CA,287 Main Street,,Walnut Creek,CA,94673,US,Personal
478fece0-fb2c-b572-6aa4-989ea7e5feea,Morgan,Smith,2018-12-19,OR9108321,OR,288 Main Street,,Portland,OR,97246,US,Personal
a4aa978d-cf11-2d96-6dab-711838927203,Avery,Rivera,2016-07-19,OR6333516,OR,289 Main Street,Apt 389,Eugene,OR,97112,US,Personal
5d2c0b22-0bac-38ef-8114-e551b1db01b5,Morgan,Zhou,2017-12-13,WA3105765,WA,290 Main Street,,Tacoma,WA,98467,US,Personal
bf65b414-05f2-b67b-ffd3-d46cd1047303,Avery,Garcia,1979-08-27,AZ3501922,AZ,291 Main Street,,Tempe,AZ,85292,US,Personal
b6a35065-115d-2c69-b301-eb60a7347ad8,Casey,Thompson,1989-01-26,NV2211829,NV,292 Main Street,Apt 392,Henderson,NV,89036,US,Personal
6bdc680d-22a3-8bb1-a379-baf859362fc7,Avery,Rivera,2001-02-17,WA4656018,WA,293 Main Street,,Tacoma,WA,98447,US,Personal
7dd2fb2a-51c5-22b6-73aa-61c31381e690,Casey,Thompson,1990-05-25,NV4279507,NV,294 Main Street,,Henderson,NV,88992,US,Personal
0e7bb071-3ef0-b61c-1153-a55958232622,Morgan,Rivera,2017-10-23,CA4519949,CA,295 Main Street,Apt 395,San Mateo,CA,94703,US,Personal
d30bee75-727e-dbd0-eca4-a63a53bc3eae,Taylor,Smith,2002-03-22,WA5563129,WA,296 Main Street,,Tacoma,WA,98018,US,Commercial
2c022819-4168-01b9-832c-c0bdeeae5c33,Morgan,Smith,2005-12-26,AZ9221734,AZ,297 Main Street,,Tempe,AZ,85126,US,Commercial
a862fcb3-bba1-55ad-9927-fbc6ccec2096,Morgan,Patel,2010-08-12,OR5261162,OR,298 Main Street,Apt 398,Eugene,OR,97337,US,Personal
c3fe704d-1233-1922-d66b-9ec37206081b,Logan,Rivera,1986-12-06,WA6179592,WA,299 Main Street,,Seattle,WA,98591,US,Personal
