vehicle_id,person_id,vin,make,model,model_year,body_style,risk_rating,lob_type,garaging_state,garaging_postal_code
e48f12b9-6a5d-670a-f9a3-638e5b08acc2,3cf3bd58-da60-fb1c-eb7a-79959588532d,V9YDJTJ9WE0TC3P6D,Subaru,Forester,2010,Truck,High,Commercial,CA,94839
6e887807-5043-796d-4061-88231b393204,57810ce8-98f0-1733-d942-b204a30354ef,BEPR137NXF4RSU138,Honda,Civic,2017,SUV,Low,Personal,NV,89037
3a5f9ccd-ad9a-6f2d-2e3d-6a6340ed367e,bb9d2ebe-f476-092f-40fc-275e69b5220d,1K6X8F02ND2UY5W6H,Ford,Escape,2024,SUV,Medium,Commercial,AZ,85282
a7e567e3-87ed-23b1-fe5d-d6f65d04c969,d04883eb-7464-5968-fac1-9bd781637187,Z0JK1B8H7PZAXXN7F,Ford,Maverick,2022,Sedan,Low,Personal,NV,88924
f6b8f116-cc81-737b-5b0f-56452c0188bb,5fdd3a16-8a61-89a7-936c-d61319c06515,GCRGLHM1VWR06LXBL,Toyota,Camry,2022,Sedan,Medium,Personal,AZ,85277
e7c228f1-6a13-ffc1-819a-4670fb12493a,9e1e266c-642b-5dfc-4f2d-1caeed61ef1f,WP85U6XXEKWNLRFYN,Honda,CR-V,2019,SUV,Low,Personal,AZ,85136
30e7099c-4e16-b9b1-da50-c324af85f504,62de90a9-2d55-e081-b4ba-fea885eb78cd,WF8X9MDV5XGLBJSDY,Subaru,Forester,2017,Truck,High,Commercial,CA,94709
0a039c7b-f4d6-e10a-e7c8-ef898dde98ea,89ede605-b975-4749-d45b-52d17b3c4b07,C8LVB3RMS491X9S5Z,Subaru,Outback,2018,SUV,Medium,Personal,CA,94880
cab9424f-6ce9-f461-4c91-e3aa88d0ba54,04bcd9ce-2f9a-dc07-eebf-1d7dba72e694,17LUNWK7EPSYWM502,Honda,CR-V,2024,Sedan,Medium,Personal,OR,97290
40df6beb-6599-272c-ef1c-14ee0d30dbd6,67afd069-f095-1fd2-8fcd-d013edc4e3ab,FPXTM1VZZG9VM3G4S,Subaru,Forester,2009,Truck,Medium,Commercial,CA,94601
e8a5c06c-26e0-e6e1-8fdf-e26773cc0f7a,af4ea88f-e75f-9338-99e8-b6130fee94e4,JGXX7UZ3SXD5SNVCU,Chevrolet,Equinox,2012,Sedan,Medium,Personal,AZ,85128
e856c2b7-a19b-f2d0-80c4-6c295def61d8,631996d9-4431-9a55-e426-ef39af2b8395,2WMUX76GDRBGXNZXE,Toyota,Prius,2020,Sedan,Medium,Personal,OR,97223
829965db-72b5-f747-6170-98e1b3a89e7e,e277543b-1788-e7b0-cb29-05bd52055596,BH6WN5NUGL1Y79J1M,Honda,Accord,2015,Sedan,Low,Personal,AZ,85039
14886912-f795-ded4-8c15-f17036aab32a,1ed93c23-6aac-03dd-5d94-6c722dbd56bf,SZZCVJ852DXBNU346,Toyota,Prius,2010,SUV,Medium,Personal,AZ,85216
4b7debac-8aac-608e-90bd-1413ac92a5ea,23549e0e-a2a9-e13e-f854-90da01ac622f,VR0KVB1JXSB12WHSC,Toyota,RAV4,2017,SUV,Low,Personal,WA,98482
b91ea05d-e43a-e0c9-680e-d70df4db30c2,dc917d96-04da-15ec-4dd7-4bb35c640d88,GA60V0SJBUXM74EWK,Toyota,RAV4,2014,Truck,Medium,Commercial,NV,88939
67e200d9-66f3-381b-f88a-caaa958813a9,fe23a0d2-276e-fa3e-56ab-511ad10b2f51,8KFJHC9C112WEZ4MY,Toyota,RAV4,2020,SUV,High,Commercial,CA,94608
0f86403d-7711-55be-a677-a03757385be4,7b6d2d12-c7d2-805d-a831-013a1dfb0871,ZJZW1ZLA9D89Z9R0X,Honda,Accord,2013,Sedan,Medium,Personal,AZ,85017
9dbea1b0-62bf-1b92-f0b0-3864fe9f98b8,6e0b7b18-226b-23d0-6813-d4aab701893d,2LZY2E312U54P450H,Toyota,RAV4,2013,SUV,Low,Personal,OR,97166
a6c0bdf4-1de9-27a2-f65b-7d1259a10b4f,e6cf1f33-99e7-726f-bea4-5f87adfb54a1,DF9UEAE1L15ZKSZYV,Ford,Maverick,2024,SUV,Medium,Commercial,WA,98382
21ca435b-e4ba-9ab6-a1eb-b10b3a970329,069bf4e7-4e63-b03c-fc74-03cc1e199976,1CY2FKTLU1AVK0A7K,Ford,Focus,2018,SUV,Medium,Commercial,OR,97569
58660ac2-8ce4-342f-8847-a858f0272f88,b6f307fe-eecd-485d-26a7-407053f5ea5d,1HJB4ZA2HM42U80BY,Honda,Civic,2010,SUV,Low,Personal,AZ,85158
20ea09b2-940b-2369-3831-fe7b06e1b379,43ae1b41-2995-910f-0dee-ae30cd4143dd,BX2XWWV029PUBRK3M,Honda,Civic,2020,Sedan,Medium,Personal,CA,94630
58dc673d-4441-67f4-19e7-6c92c3ae0851,b76aa11d-b9ab-c927-86e6-e3ce3e09f38d,9GGNZ4VBM917KJUEG,Honda,Accord,2023,Sedan,Low,Personal,WA,98007
e191e653-6a20-cff7-a253-910d7791b321,14063e78-b8bf-0041-3cf3-f5d701eee721,WMAP035W6AYUYM85R,Honda,Civic,2009,Sedan,Low,Personal,CA,94909
82727403-c3df-2d7a-8a1b-3e9d4588c0b9,47a37f1a-b6e6-2156-f30a-0c390389e388,JU9XZWS5BY41WEG4H,Ford,Focus,2008,SUV,Low,Personal,CA,94716
278ad745-1c3d-31f1-8b0b-38299d6159b5,d5203ee3-be32-fd09-89ed-6cecea8ff10f,RGNFJRW297AHDSHXA,Chevrolet,Trax,2012,Sedan,Medium,Personal,OR,97210
48d07665-4c1a-b18f-c854-602fe332a2a1,37e1e765-199e-a76c-c7c7-a36e765438f5,MC4E5C507X86VGG5G,Ford,Focus,2014,SUV,Low,Personal,AZ,85195
6fed93b1-7068-17bb-3c3b-88af660fcc33,f245d89e-ea44-c136-0123-5840578e8b7b,UUCV7WA7GLW40AGR3,Chevrolet,Trax,2020,SUV,Low,Personal,AZ,85055
e181c3fd-5bf5-b6af-db59-4fba96d15217,dba4daf8-f904-2c88-f19c-1b85d7f966a7,YAVDP9YZ0G0W120Z8,Chevrolet,Trax,2023,Sedan,Low,Personal,NV,89131
8620a21e-d870-6423-5995-92ffbaca0d79,d871650f-2e6d-be2b-5ba1-8f8b69ce4c27,3F2BY6BCK0K4ZG934,Ford,Focus,2020,SUV,Low,Personal,NV,88968
5eb1a300-9e82-f37b-8fed-d75719a119dd,a7aa9ca6-b543-012e-f57e-fddce7e152c6,Z7333WABTG12HKYA0,Toyota,RAV4,2015,SUV,High,Commercial,NV,88929
c199816a-c9b3-d314-1cce-5f9b4f907f50,377938b5-6429-001a-773d-58e60202c3ca,7BX7D955CN94BMMAB,Chevrolet,Equinox,2013,SUV,Medium,Personal,NV,88915
0f4fc41a-410f-9a9b-caec-a5126413af5f,af063a6c-5222-daa5-af8b-0c7d84d2e5b3,X0A6DVHFX0Y3X5EDF,Ford,Focus,2008,SUV,Medium,Personal,OR,97249
409f7dd5-4d04-bb0a-ace1-52d1fbc05078,2468f965-cc47-93b4-375f-79c32580d8ad,N5MLYL1FDYEL5E550,Ford,Maverick,2012,SUV,High,Commercial,AZ,85199
27afc500-220c-50bf-641d-68c43622cbc3,90fc7d59-077e-bad6-8194-7f949299ed6d,1AZ1B3BCS1JAJS5EP,Subaru,Outback,2021,SUV,Medium,Personal,WA,98569
286a4390-09b9-a224-bbe4-c59f5b784f02,592d2bd1-8893-d8af-5a30-6b3a251c05cc,UFY6X8ZDN3CKGW8LJ,Honda,Civic,2017,Sedan,Low,Personal,AZ,85256
e2d8b161-10f6-5e0b-e44d-6e079b79ce8c,71cb2fea-b436-d9ea-31ad-e4599bca7af3,1Z6FFUAJVFJX3SYS9,Honda,CR-V,2010,Sedan,Medium,Personal,AZ,85245
81e917e4-13bf-0389-bde4-0fee110ed94e,db81e906-6f15-f570-7e77-79e3923af488,N2HCZJZSY5P97M0CC,Honda,CR-V,2019,SUV,Low,Personal,WA,98560
332ff9ce-555e-8af4-1463-6fb9c8692c0f,be3655cf-bbf5-ab88-7df9-0c97f27f622b,V7Z2N5XFN6HD2MZVH,Subaru,Outback,2013,SUV,Low,Personal,CA,94945
a0a83ef8-4fbd-9644-4d07-ad9923baab23,a3e93cf6-678b-1c9f-3607-f3695b84e935,237RJJYY4NWGNC0B0,Toyota,Prius,2021,Sedan,Medium,Personal,CA,94602
ab663eee-98b9-2006-b7d5-ba9b8f5c07ad,635dc218-ca53-c04c-4c8b-3915e052b9d2,A2VFBTFTZJVELJU1Y,Subaru,Outback,2008,Sedan,Low,Personal,CA,94822
11a9a1b2-0d7e-ccd1-4c2e-1a7c923148bb,18dc077b-2a64-20c6-a2b6-3056c11d21f5,448FMR0JWE703C881,Chevrolet,Trax,2017,Sedan,Low,Personal,OR,97038
e1e3c177-31a0-b9a5-7237-1463fabad28e,d9927117-fe9c-8904-474a-1e52c13ea741,G31N7D53G81ASWJDK,Chevrolet,Equinox,2009,SUV,Low,Personal,OR,97412
0c868dc9-3f7c-2301-c003-a0fea3c32c43,60500a7c-d206-e828-185a-a302801e1f32,0EJDW9NCWWSRBPMWT,Ford,Focus,2014,SUV,Low,Personal,OR,97563
1bdb67ef-9559-d9dd-a432-ff064ba4e40a,f543b677-e493-a391-ec14-9ee25f1324e3,5BV4YKA37XYG7K1ES,Subaru,Forester,2022,SUV,Medium,Personal,CA,94734
ba1f3594-2776-6210-3f68-053539fa6713,661b15a2-e152-57a8-20f0-0627bc09d7cb,ZTBS9D2L38WPWFN5Z,Honda,Accord,2016,SUV,High,Commercial,WA,98218
065ef5f1-c97c-81fd-87ba-729f59af8da2,bbd5d2c3-6cbe-7641-c293-6c0eb8c15dde,7A498EX2MP92FGBMV,Honda,Accord,2016,Sedan,Low,Personal,AZ,85204
5b4a6183-e209-4385-9f69-b88acd5d0057,dcdfacb4-6eb8-51ac-9fa4-90f107d9ea29,501KSFSJWX3ENYCPU,Honda,Accord,2011,Sedan,Medium,Personal,NV,88985
ce470966-e92f-fc6d-9cc2-52b287391df7,4797ad65-a6ef-d81e-fdfc-b2ef7fcff757,7KC3EMT6EMEY63MGN,Toyota,RAV4,2008,Truck,Medium,Commercial,NV,89038
bd2e292b-f2b0-8344-6b68-7c886d768408,39f1da24-395c-e96f-4f4f-301739737cb2,CN97PKVTHVX445P73,Toyota,RAV4,2023,Truck,High,Commercial,AZ,85207
0ae7665a-1599-e05d-f366-783918c6d02e,512868f8-1e84-af90-c0f2-0e212d089c99,2CX9ZCHYZF2S3Z3JT,Ford,Maverick,2016,SUV,Medium,Personal,AZ,85285
6e2b7320-ee0d-9246-2a05-c0b63892d249,35f51b7d-3236-3ef8-ea29-21ceb3a789cd,BY71KA3W6CR65H1J6,Honda,CR-V,2024,Truck,High,Commercial,NV,89058
b391ba81-00e3-ee53-3a48-2355696dce1c,a708557a-00c1-dff6-94b4-0f62694accac,LVBAT9DABGHJGFS2Z,Ford,Focus,2011,SUV,Low,Personal,CA,94920
dd21682d-0e56-9454-dfb0-0558c316b000,170e3b83-c71d-9cfe-9516-87bbc93504f6,ZVJEKMG5J85Z9WR8Z,Toyota,RAV4,2024,SUV,Medium,Personal,CA,94861
9f965228-5594-1959-1ff8-5e6f504851f0,11d27805-255c-887a-ff01-819a5f2d5909,X4LMR5H3DY2LGVL08,Subaru,Outback,2021,Truck,High,Commercial,CA,94845
69b77677-2a60-34e0-0146-a51555d3a70c,888464e0-592d-b7bf-7304-1a67ed0c679f,4YR8XCKEGJF71JFB3,Chevrolet,Equinox,2009,Sedan,Low,Personal,NV,89118
9b86b9be-46d7-ee49-caa2-56bb3f59ce97,f9eb109b-077f-7738-ed23-e88bdfd859a8,7WVA0FNYK0EM0JGLN,Ford,Focus,2023,SUV,Medium,Commercial,OR,97269
6acaa2a7-cd6c-2e74-48f9-ed1c01730499,16fcfdd1-5719-cd56-dca5-c6d0403d30b8,H9ATB8SUMWNXA5F5M,Toyota,Prius,2016,SUV,Medium,Personal,WA,98096
60f5104f-5a28-f068-f589-d25a913f572b,eee125c6-cbb3-ae0a-26a0-6b352afc4688,ZBKWDZS69LHFUJHSE,Honda,Accord,2010,SUV,Medium,Commercial,OR,97237
537c0506-9d72-8c9b-0248-efd528c277a3,d792d28f-01c9-c70f-feab-3e77a86580a9,GNTFZL8WNTF2AGHNV,Honda,Civic,2008,SUV,Medium,Personal,OR,97446
8f7c1de1-4db7-89cf-6852-c0ca37060236,2ee0c3b9-b1a5-8736-0243-8ea527e200b6,ZAHVH8AZTA9FALWDD,Ford,Escape,2022,Sedan,Low,Personal,OR,97069
b6f2de42-aaec-757a-7520-22b88665337b,3573ba7c-a7a5-1595-79e4-c5d2043db243,278WEF3M2LZ9VBE3L,Subaru,Forester,2021,Truck,Medium,Commercial,OR,97367
910a7561-0cfd-08ff-ccc6-341dca7efb69,96dd33db-8c2b-8354-7733-f3dc142d5116,764XG131KYMJ4133Y,Ford,Focus,2012,SUV,Low,Personal,CA,94907
c87a3d35-190b-7420-32e1-711d145814eb,aa45a098-c90d-378d-a797-011bd9c7fc56,P208U03LYX0Z45FWM,Subaru,Forester,2016,SUV,Medium,Personal,NV,89084
fc5e6a3a-e04b-2f4a-cc09-b6f48587192a,65556f27-5132-a7f3-077e-d8da88d944ec,P0UMR74A6PRDS7N8M,Chevrolet,Equinox,2011,Truck,Medium,Commercial,NV,89142
d99518ab-e788-716f-fdac-1e9383d40327,28b572e2-ea2a-29e5-458e-cee4db7c50dd,14VMR6LBPXW66RJLG,Chevrolet,Trax,2016,Sedan,Low,Personal,WA,98033
9afc4e82-9fcd-e814-2e71-6ff4da2b4a83,3500948d-6abd-f8f8-c394-dac4f81d207f,8K0WTL1XAERA0V67H,Chevrolet,Malibu,2016,SUV,High,Commercial,NV,89174
0aa65745-0c6c-93dc-c9d1-83bcd845162d,4813975a-acdd-3598-b63f-a0b46848b2a4,H8ZHCJ05DGLDGMP5L,Ford,Focus,2013,Sedan,Low,Personal,CA,94756
246f1136-8737-c047-daa3-48cfbf850ab7,ed2b34e5-93a5-e088-b6bb-b5486055d5c8,8AWPD21Y69B5X1L0Z,Ford,Escape,2023,Sedan,Medium,Personal,OR,97108
b7bfd5e9-7332-f49c-c5cf-42c0ce054b60,5b35fed1-223d-5bd6-6096-653da347de58,F0S1UJ148MXPYWL95,Subaru,Outback,2022,SUV,Medium,Personal,AZ,85165
513ffefd-2617-fa91-27a7-60ce156d70a2,00251839-9c4b-55d6-9678-61882e24b690,RYT5XG5ATH85TF691,Ford,Focus,2016,Truck,High,Commercial,AZ,85072
6fa1b3de-888f-95b5-cbba-fa33e6738318,300c64c5-6fda-27c9-3638-9d71355e12d5,KJN2K01HV1RZCPLVW,Toyota,Prius,2011,SUV,Medium,Personal,AZ,85077
6f81c6c1-b306-12a4-aed0-7dfd2ff7c834,a9a194e3-bc67-b9d0-a56f-039fcf1375ee,LDAC9WLNCBR2X8YPJ,Subaru,Forester,2022,SUV,Medium,Personal,NV,89043
973bf421-b456-7119-c368-c088ed03dc15,81a1d8fe-8823-2761-d903-05039c6a4778,P85EAUUKHWHKUJSSD,Subaru,Outback,2016,Sedan,Low,Personal,OR,97295
04dea3c5-7a13-c301-351d-9b2e7838db84,0c0f6c5d-daa4-e89f-2750-976fd1c0984b,MUMYX0YH37ZZE6L53,Ford,Focus,2021,Truck,High,Commercial,OR,97513
1044b64a-0633-50f4-741f-4bd6d92aa36e,895cbe57-cd0e-0bb3-b191-bfd35fbfa7f5,5WSZPKTY2DPKV33NR,Toyota,Prius,2010,Sedan,Medium,Personal,OR,97283
234362a8-b1de-4df4-d269-f684fd320ca2,e96cfc20-2310-7507-5833-f10c13df0283,M7P21899V0N3Y3Y4J,Honda,CR-V,2016,SUV,Medium,Personal,AZ,85205
bab3eebc-1b7b-160e-1510-5e65671d8478,75a7f669-c060-0960-3ad4-4ed2f9f9da5a,J32AAGUF0XFY979R6,Toyota,Camry,2010,Truck,High,Commercial,WA,98599
e759dc83-4302-40f5-45fd-a468d1cb148b,9241c6a0-a013-3dad-c4a2-5db5020e2e84,NGVWP73BTE1KHXBHG,Subaru,Outback,2023,SUV,Medium,Personal,CA,94734
3f7f2b48-ee71-fe12-b695-fd7b01e3ed61,e7d3b260-6c2e-7324-c456-292b76a55b2e,FRCK40RLWL0BV0FU0,Ford,Focus,2013,Sedan,Low,Personal,AZ,85168
63b0c58c-80bf-25eb-51be-f229772afcc3,037fcd71-09fd-a789-70d8-8e91519ca39a,V7BHVZFK80EULKUTW,Toyota,Camry,2022,Sedan,Medium,Personal,WA,98460
92ab4376-eade-aa65-4fd8-fa32db310ef4,09d869eb-15ad-c0e6-3774-ddfd10c4efd5,REVE73UMNMMYMRVMV,Toyota,RAV4,2011,SUV,Medium,Personal,NV,89051
fba68e03-b3af-3f7d-747d-a23c4ed4b5b1,a086771c-4aa9-5631-6ec2-1717310ed78b,9L7BA004MZ96CS4BB,Honda,Accord,2008,Sedan,Low,Personal,AZ,85206
aae2c075-8a22-ffa3-9fe8-8faa355367e4,22609589-84a7-edf0-e9d7-ce98befd407f,C1VM3B9WCG2VW54DN,Toyota,RAV4,2015,Sedan,Low,Personal,AZ,85278
7c96cadc-4a67-43cc-dd2c-ff8c32a42a69,b942939d-b426-9211-57ad-77e3f3329ffc,X6F0337PJF9DK8398,Honda,CR-V,2010,Sedan,Low,Personal,AZ,85126
485fa3a2-af4a-9292-e810-1ee72ab8c046,cad48596-843d-1f21-d357-7e645e248e83,H1ESF8E5CX2SFTXT4,Subaru,Outback,2014,SUV,High,Commercial,WA,98024
254c68b2-a9c3-e70e-0cec-58eba3c26ae5,b7e4018c-4952-b255-e29f-93f865774705,TGB7KSBTTFGGW29SX,Chevrolet,Trax,2012,Truck,High,Commercial,AZ,85147
79bf4d13-b408-229a-8e7c-add879b457d4,b5086596-bb09-52fa-2361-c56f3076c144,S66UZ2HZZK1NWDFNH,Chevrolet,Equinox,2010,Truck,Medium,Commercial,CA,94873
079d220e-903c-3605-0cc3-dfd46099ea35,c1a36935-01bc-a6d6-b92a-1b3f51f66557,D6TKKWFSPGHUCCFGJ,Chevrolet,Equinox,2012,SUV,Medium,Commercial,WA,98384
99fc71f7-0712-2c88-e313-718d66b87815,18fe7234-2d66-2ae8-34df-1e8e6f253888,BHY12N27A4VB9ZK2W,Honda,CR-V,2012,Sedan,Low,Personal,OR,97397
4d6f0088-21ad-4433-6539-b0e409f1770b,ce5ad660-935a-b255-cf80-dd27b88e9a72,91Y1LU32H279T5U67,Toyota,Camry,2009,Sedan,Low,Personal,WA,98400
6724b61a-1548-1d91-1b64-56a3bf7b2333,da5a1dcc-7029-bdfd-f611-39cc54bec7d8,273ZLDGADYZMEGA64,Chevrolet,Equinox,2021,SUV,Low,Personal,WA,98322
65ccacce-492a-c722-8167-dc5573a7dc00,936811af-3619-df7c-65e0-bcaeeea06d56,1LPBG8YZDVE1UC0UA,Chevrolet,Equinox,2014,SUV,Medium,Commercial,AZ,85180
16bc7469-1ad1-bec2-55d4-918c5e54f041,c0c762f9-d710-c7ac-d9e9-eebcb36c05e7,HX9D9VD1V21RCFKMD,Honda,CR-V,2014,SUV,High,Commercial,WA,98098
ff11c833-ce57-2b57-40f3-8a8118f360bd,e5975cc2-623d-700a-08ef-4a184bb574de,JLT59K8HATP36M18J,Toyota,RAV4,2013,SUV,Medium,Personal,CA,94871
18958d71-ae1f-ed4d-3f82-7237848f16e9,a249476f-2053-2fee-a860-f1bd87322bd5,36SK8ZHWZKHZPAJTY,Chevrolet,Malibu,2012,Sedan,Low,Personal,AZ,85091
c60aece1-9e83-5e96-1f98-f6934734293d,2306bb72-4ec6-3911-38c8-01b2b09f8885,3NLEWM0BS5Y29F7XJ,Ford,Escape,2013,Sedan,Low,Personal,OR,97187
c10ffd28-ea59-b7c2-7033-826896b965f4,99cbab8d-ce82-580e-6854-2c225318b815,T38PEWMB3LUBA3EAH,Ford,Escape,2020,SUV,Low,Personal,AZ,85248
0e4b79d8-7367-a213-2537-3826e9ed179e,a4870486-2542-d1b2-5ae1-8fb4042ed673,S1S3HF7PPHVYSS3BX,Ford,Maverick,2013,Sedan,Medium,Personal,NV,89061
fbef670c-df70-c61c-7dd6-491bf376cb8e,f7dc9d28-879e-e5c7-f916-6cc6ddd3114d,9WW6RDUB7S00J1PDE,Subaru,Outback,2012,SUV,Medium,Commercial,AZ,85063
2e0b9b4f-83b8-ce5f-0874-102898a08a96,a64b8951-2ff7-980b-c1da-a962d57532be,XZ3M71DTFMKCTGZ1Z,Honda,Accord,2016,SUV,Low,Personal,AZ,85013
9ba2e536-0da5-0971-2bd9-85b2045a55c3,c21dd328-95b4-488b-f4b8-78c7e5c83a2a,N4BX1AWB4GXAL3UZJ,Subaru,Forester,2018,Sedan,Medium,Personal,AZ,85277
c2d1e699-b895-3d4a-bd2e-dcc9fa446ca6,b209440e-834e-02b1-9c05-00ee7ccf436a,LKJ70XTYW35ZWKF6S,Chevrolet,Malibu,2010,SUV,High,Commercial,AZ,85235
f9ac3a96-c018-88d5-a3d7-fb8b3b02f1ab,78420d80-01b2-3292-77ec-789b84f9fcfe,PH087WY58TY6W7JNF,Toyota,RAV4,2016,SUV,Medium,Personal,NV,88936
0a6fc968-70c5-4468-361d-9235a8ac330e,f5f344ad-163f-161b-ccd5-963e5907e28a,9SZCJPNRFTFXKL9TZ,Ford,Maverick,2020,Sedan,Medium,Personal,CA,94607
1f0ad751-dbc3-b953-3529-611ada8e0600,035a6adb-9bcf-cd19-502e-5ff17e91880d,ESG07BUJ72WEYBP5Z,Honda,Accord,2013,Truck,Medium,Commercial,OR,97072
c3849d08-e32b-3241-432f-13b18af08bb8,04fc9865-6d86-b767-d6cc-4be6ba91a1fd,ZG05A2K3JZXNFC4Z4,Subaru,Forester,2013,SUV,Medium,Personal,WA,98160
dd86a567-e143-8286-3fda-7819bfff6a86,5b08a484-615a-74b7-3487-928cece25e17,5LLRSSSXMEEC2J925,Ford,Escape,2016,Sedan,Medium,Personal,AZ,85085
bc067146-7e44-3662-8c66-68549c7fec25,f655d1b4-84ca-0e4e-7f55-ddc092ee1223,18YA3M0TN35D21MJC,Chevrolet,Malibu,2022,SUV,Medium,Personal,OR,97082
5f1f29c8-5dea-d84e-3424-74370ec5355e,501122a4-1b01-92b2-3ac1-3e3cb772aada,1MGAKWLK8ZK3C91RM,Toyota,Prius,2013,Truck,Medium,Commercial,AZ,85037
c13960f3-7309-3792-5b7f-cdf1aaa1c89c,7c9e261b-f12f-cc39-8037-c18e0ee7283f,UDFFRSRG37BFRSE0N,Honda,Civic,2012,SUV,Medium,Personal,WA,98087
c66b3190-9217-5913-3536-ede55614a3fc,4b0fa7f5-6d64-a28d-915a-c92358148d54,9BCGSFCF623EGYBN8,Honda,Accord,2023,Sedan,Medium,Personal,OR,97192
2ef9fa70-6c7c-5c64-caab-758dc6d7b4a5,8c9f5a22-d991-a193-b5dd-3635f40e2806,A1L2AECEYK8VME8HG,Toyota,Camry,2019,SUV,Low,Personal,CA,94885
c50f65ab-78eb-e5b8-f706-298a8d4d706e,f6fcedba-c2b8-3e92-c254-44c5257193a9,VJT883246X9ZULYT2,Ford,Focus,2016,SUV,Medium,Personal,NV,89134
a11abb68-6cbf-0ca2-b00c-37829efbe417,24191e4d-a9a5-3581-d72b-c04761bf048c,4TBSUYEPTD6RH1FS5,Honda,CR-V,2015,SUV,Medium,Personal,CA,94616
1cf1ae1d-f60d-dc6c-0ab8-f2c9ee3c557e,8c315534-ed35-a7fb-5aad-c090c6816146,N53589FMN6KWDATXR,Subaru,Outback,2024,Sedan,Low,Personal,NV,89077
d0a17749-69dd-6774-94df-0a53c05578e0,29bc007c-2457-c476-307c-138f1d805dd1,EAMG4JZW5JXSDTUUM,Toyota,Prius,2015,SUV,Medium,Personal,OR,97100
1556c984-0475-5f81-c8d7-d6f6939db1e0,9f5a18c5-bdaa-97a1-1f17-12f575f0e9c2,6B0HJJKU9HLRZ9RMG,Ford,Maverick,2014,Sedan,Low,Personal,WA,98336
2db7a1e7-31a8-9607-a6e6-0f212808fbd5,39707c5e-2769-f4e3-ab9e-ae2001ab7943,YS5HMETLLGB4DWXXY,Chevrolet,Malibu,2019,SUV,Medium,Personal,NV,88911
ac61fbca-83be-9aff-2140-08e0573a4c22,9545cac9-a838-7b06-ccdf-8e3bfab87832,TUCZDAETSYVLT9KYD,Subaru,Forester,2020,Truck,High,Commercial,WA,98427
134ca96b-acc8-30b5-1944-0a652a759674,a5fcabb7-d812-26eb-6608-d0ae88516cb7,AMSG3WPRNJD783LRY,Ford,Escape,2019,Truck,Medium,Commercial,CA,94701
ce672220-6a04-52d6-e1b9-eaf01fa91010,ae41b0ad-6f2a-8025-9f4a-356be6b6e3c0,4WD3KBV8DBC8RWDX3,Toyota,Camry,2010,SUV,Medium,Personal,OR,97271
2f7178bf-3d15-9e22-1f11-9b54ddba508b,75e27906-5ee6-bbc6-d4bc-e81e511a978f,25N8T4MD4WV2SCA0W,Honda,Accord,2010,SUV,Low,Personal,CA,94907
997f74c4-bb54-a982-1426-067afdebc1c5,ba37f9ef-370c-1e6a-08b3-8b67eb38d108,HB26CPZFREGXPG0M7,Chevrolet,Trax,2024,SUV,Medium,Commercial,WA,98193
713b982f-0600-4544-ebb0-9ff90e666eed,be271719-9701-094e-8fd4-67f4f25109de,H4L6E08Y0NLUZEDF2,Toyota,Camry,2022,SUV,High,Commercial,OR,97442
98a6161b-be0a-390f-da9b-7cbdbf3a3cb9,154af4c7-1999-360f-467d-598c0beb32fa,KZ741YWASCE03A729,Ford,Maverick,2012,SUV,Medium,Commercial,NV,89110
4a8407c2-77da-76d9-c5b2-d4f6bffaf33e,45095bab-f7f5-eecf-01de-b8b8efe4fea1,MH4SN5SYBWPZR9PJM,Chevrolet,Malibu,2022,SUV,Low,Personal,WA,98070
428216bc-9a92-9ada-8292-a7d922946f60,e05be7c2-511d-f7a1-4096-0d0790e97c72,W41EX7SN1J22RZ626,Subaru,Outback,2009,Truck,Medium,Commercial,AZ,85243
ecc736e4-072c-b9ff-8b50-cc9d8c470a08,9fae2b7c-9aa1-76f5-8b6c-726e79e7bacd,PPTVX4U9Z0CERCH6X,Honda,Civic,2021,SUV,High,Commercial,CA,94681
f1fbacce-4b49-a084-11ff-3ce256c59bf4,d7d3197b-7dd8-6892-cd08-807d56d1db71,K8AT67HH2L7Y9EZ8K,Subaru,Forester,2015,SUV,High,Commercial,NV,89050
dd65ae24-bb84-1ca6-db3e-17a3342643fa,5a4a49ba-2fae-9f67-a982-8f197225434a,LTEEM2YFRXRCV2CP1,Ford,Maverick,2011,Truck,High,Commercial,NV,88912
9800ba7a-f03e-b139-d2b3-f0cf638d85ee,a7c10978-2802-ea01-9fc3-8c55f40e05c7,18AX88YR0P177HAGB,Ford,Focus,2012,Sedan,Low,Personal,NV,88942
7c3d80ba-8e67-1dc5-d6aa-1bc04a4e3e5f,9710fa6e-0bca-85a3-c2e9-6b166c71f372,4AC4JEHLX0CVJXXAL,Ford,Focus,2017,Sedan,Low,Personal,CA,94893
86c9a27e-59a1-97d9-9eeb-ea646891e280,141cc2af-ddc9-f384-3325-c7744d83d811,J6K9T9BXMT5E35EWU,Ford,Focus,2024,SUV,Low,Personal,NV,88993
f304a4d2-21c7-e863-c675-8d4774dc9a25,a2b35f7a-1705-aee7-2fd0-eb5074ffb4e0,373RRF3HXE56VV3KL,Honda,CR-V,2014,Sedan,Low,Personal,WA,98177
ded53bc3-f5b6-4c5b-b39f-4c10eb15a205,ef970d63-1aa6-ec0f-c639-95b45a9bb7d8,97T2G02NSF1B6FV50,Ford,Maverick,2016,SUV,Low,Personal,OR,97172
b4bbc068-89f5-37d1-5e99-1329703caea4,b80f51ac-da08-06b9-241f-eb6bac13e068,ZY09TZV60CB148160,Subaru,Forester,2014,SUV,Medium,Commercial,OR,97403
36720de1-8f3d-af85-187c-846e74aaa99a,a58a424c-3c99-bff8-8196-56db640b27eb,WBSWS48GWCLDUR3GX,Toyota,Camry,2021,Sedan,Medium,Personal,OR,97389
2fb808b4-3bc7-aec2-9173-51dd572879ce,81e246ca-20a5-070f-0645-22ca0633558d,W6W0TJTMBBPTU5HSZ,Honda,CR-V,2023,SUV,Medium,Personal,NV,88977
19236384-1e55-0281-c83b-1e9111f7df9c,fca62a21-1c2d-245f-5c06-001c94260d73,459ZT6EJYK8H6ULC8,Honda,Civic,2009,SUV,Medium,Personal,AZ,85141
05c97819-d244-14e4-0323-a9adf5192043,528363c8-3f7b-b0d8-0a3f-a581a5772d79,TCYRR5150D0U3HR04,Subaru,Outback,2018,SUV,Medium,Personal,WA,98377
4d967765-5a2e-c2c9-ad68-49bfb0a60a40,5bf16b34-4cf7-8a30-2388-6cd49ba58eb8,PR6UPSYAEZZ3X2H28,Honda,Accord,2009,SUV,Low,Personal,AZ,85263
22e71412-609f-a683-d438-1d7bcb245d0f,22ca3718-1cca-d313-6c96-92dd3f4cad5f,6C3YHF2ER9UHGMGSK,Subaru,Outback,2021,Sedan,Low,Personal,AZ,85021
96f04d3e-2c69-a8bd-529b-d790672d7688,b825e9a0-8fa7-5e6c-97b5-d71c2de58122,8P1K1D1WHYFWGSK5B,Toyota,RAV4,2023,SUV,High,Commercial,CA,94647
f22dc841-9d7a-deb0-891f-ad802d86fabe,cabd186c-312c-af10-9717-2209625ad656,RTSAP2GTSVEYU9NXW,Honda,CR-V,2015,Sedan,Medium,Personal,AZ,85011
e47e39fb-e68d-f703-b3b9-cd9a3c6a5f63,a32e3cd4-f9e8-a876-2f62-9309f92dd764,MSZYX5AH9ADTTU87U,Ford,Focus,2009,SUV,Medium,Personal,CA,94795
f3a554e6-8867-b54c-98cf-65b2fbf79234,31f79210-76ae-5e74-5a7b-ec5653abf447,Z1360A4B5BSVFK3J9,Ford,Maverick,2011,Sedan,Low,Personal,AZ,85238
3bf3aa9c-0f18-cf1b-1ca9-c11502b5d013,68f086ff-874d-f011-c8bf-e5283f5da188,5FDKF4MYUAGXXCK3G,Toyota,Camry,2011,Truck,High,Commercial,OR,97008
72388d7e-5bd8-ed23-40b1-70a611ddde17,b0812c3c-25a9-8bab-ae4b-42e170e6e7a1,VZ3BE7FL0UCT1UV5C,Ford,Escape,2008,Sedan,Medium,Personal,AZ,85123
527dd02b-69bf-e5a1-de63-65367cabc8d7,6b874a85-0cdb-05cf-820f-252b1ac874f2,NMRYREDZ28H35DUF2,Chevrolet,Malibu,2015,SUV,Medium,Commercial,NV,89024
ac67f535-1614-b774-2e69-5a8a6fe98a93,38629292-593d-7939-cc02-706bddce3c7f,46R1E3A6LYTZW0W4G,Subaru,Forester,2009,Sedan,Medium,Personal,CA,94839
5e27b0f3-8bd6-c50f-7c4d-8ccec9f6be7c,4ae6dc33-fcf3-f3ff-56b3-d8ae0ddec6b7,7A9RCRS3GL7S5ETVC,Subaru,Outback,2021,Sedan,Medium,Personal,CA,94603
9a045269-b602-a6ba-a3b6-15c0fb5beb3c,bc40ba17-c564-6388-3846-86dbde6dbd36,1CC4924J3770GPDRE,Subaru,Forester,2017,SUV,Medium,Commercial,AZ,85254
d6279214-03d6-6bb8-d686-2a15b1e0540d,b713d56e-b09e-b6b5-e3e0-ff3ba1022710,E5DN7336280Z9N9SV,Subaru,Outback,2015,Sedan,Medium,Personal,AZ,85152
26ec00bc-b19d-87b2-edab-64b25fc3c972,ead62946-1923-4ef2-d516-4f243b80d727,NZFTB6YHFH4RUC14K,Chevrolet,Trax,2020,SUV,Low,Personal,AZ,85091
9a9ac055-18ae-f332-b823-2ecdc40dd170,58811320-5e0c-d4e0-9003-33a9215caa6c,MS93KYEKWV9Y5PT9A,Ford,Maverick,2016,SUV,Medium,Personal,CA,94777
13d6e50a-7778-82af-3c5e-2c9db67455e1,e6c69dc0-f28f-c05a-43a7-76b698459790,4JUA5N6TTTP1NA3DG,Subaru,Forester,2017,SUV,High,Commercial,NV,88976
22592fbf-b6ea-2753-2416-9e9346f6abcf,b8081521-3fa2-80ae-a1bb-d8755927485a,YJWG08F22TNEVRK7H,Ford,Focus,2021,SUV,Medium,Personal,OR,97096
ca5965c7-907c-05f0-c614-735ef8f838d6,f095e1fd-f90b-de3b-bdd0-6550b34747ed,M2MC8ZR2F4JEVCK4F,Subaru,Outback,2013,Sedan,Low,Personal,OR,97118
2e3f4695-ba5f-e1f5-8f4e-38d927f28eb9,bbc0b419-fad2-ac7c-f2f9-f0d8226c0a47,SUC9G8JPBRXEPSHEY,Ford,Escape,2014,SUV,Low,Personal,AZ,85239
74acaedc-0ea2-0b59-5fe1-174f49905260,40fe1bfe-f898-dfb5-5334-28d5252af61d,9V8GHGG9RY2EXRVE6,Toyota,Camry,2009,Sedan,Medium,Personal,CA,94658
11a5111c-1d73-76bc-a3e6-e8dc19b27aa2,6db8017d-8db3-70c9-3ce7-c71ce7b8a52a,TMU65ZRSEKW2FS51S,Toyota,Camry,2013,SUV,Medium,Personal,NV,88990
e4ca1ff4-a3bc-8764-89ba-b951198e7e27,bfc7ba57-ab28-b0a2-2405-fae5b01f42db,4MSSJPZLB51D8UH4W,Honda,CR-V,2017,Truck,High,Commercial,AZ,85123
43de7444-bd8c-ee52-06d3-6409bf4b33a8,b9ff95ef-501e-ffa4-e66e-c584e72e3353,BVTC7B09E6JV7SPPR,Toyota,RAV4,2024,SUV,High,Commercial,WA,98338
53923741-4f69-8094-4510-4c395fded4d0,cda1421e-4445-71d4-cad7-5cedd0b407aa,001PEPG1UYKY4YVRT,Honda,CR-V,2009,Truck,Medium,Commercial,AZ,85260
8b13a934-20b6-f823-ed8c-2d091a3f62a3,c64eadb8-6404-1ddd-8fc6-804ede7cf22a,PEBR7UJL42HTXKNZ7,Chevrolet,Trax,2021,Sedan,Low,Personal,NV,89148
d863d06b-d398-783c-bfb4-cb847b74e1aa,d612049f-d6a8-0a56-3553-a370bb229116,N2FT4C2J5B4CWWWCK,Ford,Maverick,2023,SUV,Medium,Personal,OR,97244
647dabe5-bc88-be05-beb0-7b8356ad4028,d4d47074-0811-e404-63c7-40b24fefead1,DBWZLGD93GMDRNDTZ,Chevrolet,Trax,2022,Sedan,Low,Personal,NV,89114
b472e7bd-bfa9-a7ce-6a30-6f11b37af598,3e65bf65-aada-f317-6d78-01b96c5e921a,P91J37XL2TZA8898M,Toyota,Prius,2014,SUV,Medium,Commercial,WA,98232
db216642-0c5b-f491-61c4-88d2ca12d782,7aff78d4-47a0-e9b5-196f-b2d6db553d54,2N52CTKT0TS0NM9MS,Chevrolet,Malibu,2017,Sedan,Medium,Personal,OR,97113
f53d125e-690f-e4ed-3367-f86d72c6b3df,3c85cd0e-35e1-f1a8-5b7f-3a9970c58924,WJBMK48A2SH5XE9SB,Toyota,Prius,2022,Sedan,Medium,Personal,WA,98089
f5696b59-9dcc-2841-d6c1-9860d2825bfc,625a545a-7bca-ded4-ca57-3a13d34b0a54,BHE9ZSWWFK5EM0RAZ,Honda,Accord,2016,Sedan,Low,Personal,WA,98083
5e8726df-0d83-bd7c-538a-58b45e2396ae,6b761955-cd74-60e3-6193-77a3f513f298,6XU0BHWNSWHH98ZVT,Ford,Maverick,2008,SUV,Low,Personal,CA,94926
e51c4030-5fa3-1699-140d-543189a07b88,0bffea66-2b40-1922-dc87-532716c77a2d,HLM5F4W0B3P88K7XZ,Toyota,Camry,2019,Sedan,Low,Personal,OR,97064
c181fc9c-4d97-9798-11c8-c5159d14e82f,316893c9-f185-e281-8da7-f26c040caa7c,YZMCLY5L981JFCZ7R,Chevrolet,Equinox,2009,Truck,High,Commercial,OR,97340
d9683d97-bfcb-a338-dfa2-4f4e029e4ecb,4cc97c06-8ce2-de59-e654-df926d9432bb,JTCKGEHKVMB5KLRBK,Toyota,RAV4,2024,SUV,High,Commercial,AZ,85162
7ff4279f-77dd-64da-17ab-509415c1e766,142e20bc-be4f-9b2e-65be-d95901476e6c,84DWM328PM73LVE9K,Ford,Maverick,2014,Sedan,Low,Personal,WA,98398
e17c9a8b-b470-42b0-e5cc-bac6a3ff64df,4c16034d-1129-e5e7-4ae9-706594897d09,GHNKJW2DGAGCNM0A2,Ford,Escape,2011,Sedan,Low,Personal,CA,94845
99669f06-30ff-23b9-cf28-4014ee8f1bbd,e7c5fc20-556b-794a-7835-fe404efe7b8e,GGZT32L4A8AP4C1FP,Chevrolet,Malibu,2010,Sedan,Medium,Personal,WA,98259
f51b74b0-2f05-7f16-4fa4-976a49ddacaa,15e719ec-416d-6002-12cd-e62ce3defe49,G3N0M0SJJHDMM9ZDU,Ford,Maverick,2020,Sedan,Medium,Personal,OR,97316
49f0b35f-dc40-3f7b-e260-90116697b417,e459a2de-9d3b-3c0f-c7c7-2444413bd432,GD387E2HFRB20YZL2,Honda,Accord,2014,SUV,Medium,Commercial,WA,98336
137d51ca-8e69-20f7-4c1d-ae57669b764b,8e58a569-853e-5552-2a8f-08ae079e088d,9KALPTDPBZZLN3SPX,Ford,Focus,2023,SUV,Low,Personal,NV,89148
45ad92b4-b248-98ca-44db-2e6e99b7ecd4,1311453c-ab46-7217-f3a7-c3b94e716c71,Z331JNPVY8M7YPDZS,Ford,Maverick,2022,Sedan,Low,Personal,NV,89188
ba547040-cb1c-7934-e4ca-f1ec2aa25737,ece89734-450f-fa98-823d-b9cde668a88c,P7UZEXMYGZTGB1UPJ,Honda,Accord,2017,Sedan,Low,Personal,WA,98350
721f00dd-a8b9-b783-357f-8a2bd629ca77,df84c933-4bcc-6c39-747c-aba361aca006,ZYC6B6VU1BAKZF4R2,Chevrolet,Trax,2011,SUV,Low,Personal,WA,98077
425ea7f7-559e-cda0-5b20-2ee0a032ee40,2445220b-cc9a-fc7e-22d6-a553beb14016,ED8UYKNEYMDAUTG8J,Chevrolet,Equinox,2022,SUV,High,Commercial,OR,97173
0ab5e01d-0c3f-f67e-39ad-5cb7291a7816,abf0cfa4-cb39-ff0e-1ad5-fef45c905ab2,DM3J0NV246J9CUP9G,Chevrolet,Equinox,2016,Sedan,Medium,Personal,CA,94673
0d7e5e0e-203f-0763-c4a4-5c039210bbcf,478fece0-fb2c-b572-6aa4-989ea7e5feea,7AEWVVB7Y7301XMRD,Ford,Escape,2013,Sedan,Medium,Personal,OR,97246
197120c0-fca8-b882-51ec-7fb4d50d47ef,a4aa978d-cf11-2d96-6dab-711838927203,AU69ZVSK15HTJ7NDB,Ford,Escape,2014,Sedan,Medium,Personal,OR,97112
e219eef3-a41c-f926-a480-0bf70e584a18,5d2c0b22-0bac-38ef-8114-e551b1db01b5,TVMNRHC1488WRCGZB,Toyota,Prius,2017,SUV,Medium,Personal,WA,98467
1abc0609-b61e-7763-4c47-3004b24f6bd4,bf65b414-05f2-b67b-ffd3-d46cd1047303,0LY2EAP581RR3CYTG,Subaru,Forester,2013,Sedan,Low,Personal,AZ,85292
812feeaa-a1c6-9d7a-0638-05a40c5dc10d,b6a35065-115d-2c69-b301-eb60a7347ad8,4A3XJZLSN576KDRBF,Subaru,Outback,2015,Sedan,Low,Personal,NV,89036
4efe28f7-137a-20fb-c33e-b07703edb5fc,6bdc680d-22a3-8bb1-a379-baf859362fc7,SZ971UAZ34PL133N8,Ford,Focus,2021,Sedan,Low,Personal,WA,98447
424c93d3-76ed-d2f5-6f8d-41efa6588665,7dd2fb2a-51c5-22b6-73aa-61c31381e690,03P2DV8AJ47J40B47,Toyota,Prius,2022,Sedan,Low,Personal,NV,88992
dad20dbc-7413-10db-01fa-de08ad862280,0e7bb071-3ef0-b61c-1153-a55958232622,HMZMMB1GL4MXPFFX3,Subaru,Outback,2017,SUV,Low,Personal,CA,94703
dff5627a-de57-1b99-8b6a-5e814868b36f,d30bee75-727e-dbd0-eca4-a63a53bc3eae,BS6LCWM5FWX3376HH,Chevrolet,Malibu,2020,Truck,Medium,Commercial,WA,98018
be7fa1dc-6c35-1262-9be4-c5faadd11c81,2c022819-4168-01b9-832c-c0bdeeae5c33,RMVWV5B91LNDCPRWT,Subaru,Forester,2020,SUV,Medium,Commercial,AZ,85126
eb5425e1-717b-3b79-37a1-a211358946d4,a862fcb3-bba1-55ad-9927-fbc6ccec2096,Y4R6B5HAUCSJPH1KF,Ford,Maverick,2021,SUV,Low,Personal,OR,97337
622bbb01-176d-cb56-dab7-452c2c199ab1,c3fe704d-1233-1922-d66b-9ec37206081b,AG3WV3LFYUBJZCFDK,Honda,Civic,2021,Sedan,Low,Personal,WA,98591
